jurisdiction_version,version_type,zone_id,zone_number,zone_name,ward_id,ward_number,ward_name_hindi,ward_name_en,administrative_status,geometry_source_id,geometry_status,alignment_status,legacy_ward_num,legacy_ward_name,legal_basis_source_id,effective_from,effective_to,derivation_method,notes
LKO-JUR-2023-01,CIVICTRACE_INTERNAL,ZONE-08,8,Zone 8 (Sarojini Nagar / South),WARD-001,1,श्रद्धेय अटल बिहारी वाजपेयी वार्ड,Shraddheya Atal Bihari Vajpayee Ward,VERIFIED,NOT_AVAILABLE,NOT_AVAILABLE,NEEDS_REVIEW,,,SRC-GIS-002,2022-10-31,,PRIMARY_ADMINISTRATIVE_RECORD,Newly created ward under 2022 delimitation incorporating peripheral revenue villages in southern sector; no dedicated pre-2022 legacy polygon.
LKO-JUR-2023-01,CIVICTRACE_INTERNAL,ZONE-08,8,Zone 8 (Sarojini Nagar / South),WARD-002,2,शारदा नगर द्वितीय वार्ड,Sharda Nagar Second Ward,VERIFIED,SRC-GIS-001,SECONDARY_LEGACY,PARTIALLY_VERIFIED,21,Sharda Nagar,SRC-GIS-002,2022-10-31,,PRIMARY_ADMINISTRATIVE_RECORD,Bifurcated from legacy Sharda Nagar ward (legacy Ward 21); covers southern residential sector.
LKO-JUR-2023-01,CIVICTRACE_INTERNAL,ZONE-08,8,Zone 8 (Sarojini Nagar / South),WARD-003,3,इब्राहिमपुर द्वितीय वार्ड,Ibrahimpur Second Ward,VERIFIED,SRC-GIS-001,SECONDARY_LEGACY,PARTIALLY_VERIFIED,1,Ibrahimpur,SRC-GIS-002,2022-10-31,,PRIMARY_ADMINISTRATIVE_RECORD,Bifurcated from legacy Ibrahimpur ward (legacy Ward 1); covers eastern/Vrindavan colony sectors.
LKO-JUR-2023-01,CIVICTRACE_INTERNAL,ZONE-08,8,Zone 8 (Sarojini Nagar / South),WARD-004,4,इब्राहिमपुर प्रथम वार्ड,Ibrahimpur First Ward,VERIFIED,SRC-GIS-001,SECONDARY_LEGACY,PARTIALLY_VERIFIED,1,Ibrahimpur,SRC-GIS-002,2022-10-31,,PRIMARY_ADMINISTRATIVE_RECORD,Bifurcated from legacy Ibrahimpur ward (legacy Ward 1); covers core village and Rajani Khand.
LKO-JUR-2023-01,CIVICTRACE_INTERNAL,ZONE-08,8,Zone 8 (Sarojini Nagar / South),WARD-005,5,राजा बिजली पासी द्वितीय वार्ड,Raja Bijli Pasi Second Ward,VERIFIED,SRC-GIS-001,SECONDARY_LEGACY,PARTIALLY_VERIFIED,2,Raja Bijli Pasi,SRC-GIS-002,2022-10-31,,PRIMARY_ADMINISTRATIVE_RECORD,Bifurcated from legacy Raja Bijli Pasi ward (legacy Ward 2); covers southern sector.
LKO-JUR-2023-01,CIVICTRACE_INTERNAL,ZONE-08,8,Zone 8 (Sarojini Nagar / South),WARD-006,6,राजा बिजली पासी प्रथम वार्ड,Raja Bijli Pasi First Ward,VERIFIED,SRC-GIS-001,SECONDARY_LEGACY,PARTIALLY_VERIFIED,2,Raja Bijli Pasi,SRC-GIS-002,2022-10-31,,PRIMARY_ADMINISTRATIVE_RECORD,Bifurcated from legacy Raja Bijli Pasi ward (legacy Ward 2); covers northern sector.
LKO-JUR-2023-01,CIVICTRACE_INTERNAL,ZONE-06,6,Zone 6 (Chowk / West),WARD-007,7,माननीय लालजी टंडन वार्ड,Mananiya Lalji Tandon Ward,VERIFIED,NOT_AVAILABLE,NOT_AVAILABLE,NEEDS_REVIEW,,,SRC-GIS-002,2022-10-31,,PRIMARY_ADMINISTRATIVE_RECORD,Newly created ward under 2022 delimitation incorporating Barauna Khand/Hayatnagar peripheral villages.
LKO-JUR-2023-01,CIVICTRACE_INTERNAL,ZONE-02,2,Zone 2 (Aishbagh / Old City South),WARD-008,8,अम्बेडकर नगर वार्ड,Ambedkar Nagar Ward,VERIFIED,SRC-GIS-001,SECONDARY_LEGACY,PARTIALLY_VERIFIED,14,Ambedkar Nagar 1st,SRC-GIS-002,2022-10-31,,PRIMARY_ADMINISTRATIVE_RECORD,Re-aligned from legacy Ambedkar Nagar 1st/2nd into unified ward in Zone 2.
LKO-JUR-2023-01,CIVICTRACE_INTERNAL,ZONE-06,6,Zone 6 (Chowk / West),WARD-009,9,माननीय कल्याण सिंह वार्ड,Mananiya Kalyan Singh Ward,VERIFIED,NOT_AVAILABLE,NOT_AVAILABLE,NEEDS_REVIEW,,,SRC-GIS-002,2022-10-31,,PRIMARY_ADMINISTRATIVE_RECORD,Newly created ward under 2022 delimitation in western Lucknow; named after former CM Kalyan Singh.
LKO-JUR-2023-01,CIVICTRACE_INTERNAL,ZONE-05,5,Zone 5 (Alambagh / South-West),WARD-010,10,सरोजनी नगर प्रथम वार्ड,Sarojini Nagar First Ward,VERIFIED,SRC-GIS-001,SECONDARY_LEGACY,PARTIALLY_VERIFIED,4,Sarojni Nagar Part 1,SRC-GIS-002,2022-10-31,,PRIMARY_ADMINISTRATIVE_RECORD,Bifurcated from legacy Sarojini Nagar Part 1 (legacy Ward 4); northern industrial/residential corridor.
LKO-JUR-2023-01,CIVICTRACE_INTERNAL,ZONE-04,4,Zone 4 (Gomti Nagar / East),WARD-011,11,शहीद भगत सिंह द्वितीय वार्ड,Shaheed Bhagat Singh Second Ward,VERIFIED,SRC-GIS-001,SECONDARY_LEGACY,PARTIALLY_VERIFIED,6,Shaheed Bhagat Singh,SRC-GIS-002,2022-10-31,,PRIMARY_ADMINISTRATIVE_RECORD,Bifurcated from legacy Shaheed Bhagat Singh ward (legacy Ward 6); covers Matiyari/BKT corridor.
LKO-JUR-2023-01,CIVICTRACE_INTERNAL,ZONE-04,4,Zone 4 (Gomti Nagar / East),WARD-012,12,खरगापुर सरसवां वार्ड,Khargapur Saraswan Ward,VERIFIED,NOT_AVAILABLE,NOT_AVAILABLE,NEEDS_REVIEW,,,SRC-GIS-002,2022-10-31,,PRIMARY_ADMINISTRATIVE_RECORD,"Newly created ward under 2022 delimitation incorporating Khargapur, Saraswan, and Gomti Nagar Extension."
LKO-JUR-2023-01,CIVICTRACE_INTERNAL,ZONE-04,4,Zone 4 (Gomti Nagar / East),WARD-013,13,शहीद भगत सिंह प्रथम वार्ड,Shaheed Bhagat Singh First Ward,VERIFIED,SRC-GIS-001,SECONDARY_LEGACY,PARTIALLY_VERIFIED,6,Shaheed Bhagat Singh,SRC-GIS-002,2022-10-31,,PRIMARY_ADMINISTRATIVE_RECORD,Bifurcated from legacy Shaheed Bhagat Singh ward (legacy Ward 6); covers Kanchana Pur/Matiyari.
LKO-JUR-2023-01,CIVICTRACE_INTERNAL,ZONE-04,4,Zone 4 (Gomti Nagar / East),WARD-014,14,भरवारा मल्हौर वार्ड,Bharwara Malhaur Ward,VERIFIED,NOT_AVAILABLE,NOT_AVAILABLE,NEEDS_REVIEW,,,SRC-GIS-002,2022-10-31,,PRIMARY_ADMINISTRATIVE_RECORD,"Newly created ward under 2022 delimitation incorporating Bharwara, Malhaur, and Amity University zone."
LKO-JUR-2023-01,CIVICTRACE_INTERNAL,ZONE-07,7,Zone 7 (Chinhat / Indira Nagar),WARD-015,15,लाल बहादुर शास्त्री प्रथम वार्ड,Lal Bahadur Shastri First Ward,VERIFIED,SRC-GIS-001,SECONDARY_LEGACY,PARTIALLY_VERIFIED,8,Lal Bahadur Shastri 1st,SRC-GIS-002,2022-10-31,,PRIMARY_ADMINISTRATIVE_RECORD,Bifurcated from legacy Lal Bahadur Shastri ward (legacy Ward 8); northern Indira Nagar sector.
LKO-JUR-2023-01,CIVICTRACE_INTERNAL,ZONE-03,3,Zone 3 (Aliganj / North),WARD-016,16,फैजुल्लागंज चतुर्थ वार्ड,Faizullaganj Fourth Ward,VERIFIED,SRC-GIS-001,SECONDARY_LEGACY,PARTIALLY_VERIFIED,12,Faizullah Ganj 2nd,SRC-GIS-002,2022-10-31,,PRIMARY_ADMINISTRATIVE_RECORD,Reorganized from legacy Faizullah Ganj complex; covers Daud Nagar and IIM Road corridor.
LKO-JUR-2023-01,CIVICTRACE_INTERNAL,ZONE-01,1,Zone 1 (Hazratganj / Central),WARD-017,17,विक्रमादित्य महात्मा गांधी वार्ड,Vikramaditya Mahatma Gandhi Ward,VERIFIED,SRC-GIS-001,SECONDARY_LEGACY,VERIFIED,107,Vikramaditya Ward,SRC-GIS-002,2022-10-31,,PRIMARY_ADMINISTRATIVE_RECORD,"Core historical central municipal ward comprising Vikramaditya Marg, Raj Bhavan, and Gautampalli."
LKO-JUR-2023-01,CIVICTRACE_INTERNAL,ZONE-05,5,Zone 5 (Alambagh / South-West),WARD-018,18,सरोजनी नगर द्वितीय वार्ड,Sarojini Nagar Second Ward,VERIFIED,SRC-GIS-001,SECONDARY_LEGACY,PARTIALLY_VERIFIED,15,Sarojni Nagar Part 2,SRC-GIS-002,2022-10-31,,PRIMARY_ADMINISTRATIVE_RECORD,Bifurcated from legacy Sarojini Nagar Part 2 (legacy Ward 15); covers southern airport link corridor.
LKO-JUR-2023-01,CIVICTRACE_INTERNAL,ZONE-08,8,Zone 8 (Sarojini Nagar / South),WARD-019,19,शारदा नगर प्रथम वार्ड,Sharda Nagar First Ward,VERIFIED,SRC-GIS-001,SECONDARY_LEGACY,PARTIALLY_VERIFIED,21,Sharda Nagar,SRC-GIS-002,2022-10-31,,PRIMARY_ADMINISTRATIVE_RECORD,Bifurcated from legacy Sharda Nagar ward (legacy Ward 21); covers Sector G/Ruchi Khand.
LKO-JUR-2023-01,CIVICTRACE_INTERNAL,ZONE-06,6,Zone 6 (Chowk / West),WARD-020,20,न्यू हैदरगंज तृतीय वार्ड,New Haiderganj Third Ward,VERIFIED,SRC-GIS-001,SECONDARY_LEGACY,PARTIALLY_VERIFIED,83,Haidar Ganj 3rd,SRC-GIS-002,2022-10-31,,PRIMARY_ADMINISTRATIVE_RECORD,Bifurcated from legacy Haidar Ganj 3rd (legacy Ward 83); covers Campbell Road and Para sectors.
LKO-JUR-2023-01,CIVICTRACE_INTERNAL,ZONE-02,2,Zone 2 (Aishbagh / Old City South),WARD-021,21,मालवीय नगर वार्ड,Malviya Nagar Ward,VERIFIED,SRC-GIS-001,SECONDARY_LEGACY,VERIFIED,7,Malviya Nagar,SRC-GIS-002,2022-10-31,,PRIMARY_ADMINISTRATIVE_RECORD,Stable historical ward in Aishbagh / Old City South.
LKO-JUR-2023-01,CIVICTRACE_INTERNAL,ZONE-03,3,Zone 3 (Aliganj / North),WARD-022,22,जानकीपुरम तृतीय वार्ड,Jankipuram Third Ward,VERIFIED,SRC-GIS-001,SECONDARY_LEGACY,PARTIALLY_VERIFIED,75,Jankipuram,SRC-GIS-002,2022-10-31,,PRIMARY_ADMINISTRATIVE_RECORD,Expanded from legacy Jankipuram ward; covers Sector J and extension colonies.
LKO-JUR-2023-01,CIVICTRACE_INTERNAL,ZONE-05,5,Zone 5 (Alambagh / South-West),WARD-023,23,गुरु नानक नगर वार्ड,Guru Nanak Nagar Ward,VERIFIED,SRC-GIS-001,SECONDARY_LEGACY,VERIFIED,87,Guru Nanak Nagar,SRC-GIS-002,2022-10-31,,PRIMARY_ADMINISTRATIVE_RECORD,Stable historical ward in Alambagh commercial center.
LKO-JUR-2023-01,CIVICTRACE_INTERNAL,ZONE-06,6,Zone 6 (Chowk / West),WARD-024,24,साआदतगंज वार्ड,Saadatganj Ward,VERIFIED,SRC-GIS-001,SECONDARY_LEGACY,VERIFIED,91,Saadat Ganj,SRC-GIS-002,2022-10-31,,PRIMARY_ADMINISTRATIVE_RECORD,Stable historical Old City ward with heritage fabric.
LKO-JUR-2023-01,CIVICTRACE_INTERNAL,ZONE-05,5,Zone 5 (Alambagh / South-West),WARD-025,25,बाबू कुंज बिहारी ओम नगर वार्ड,Babu Kunj Bihari Om Nagar Ward,VERIFIED,SRC-GIS-001,SECONDARY_LEGACY,PARTIALLY_VERIFIED,18,Om Nagar,SRC-GIS-002,2022-10-31,,PRIMARY_ADMINISTRATIVE_RECORD,Expanded from legacy Om Nagar ward (legacy Ward 18) incorporating Babu Kunj Bihari Nagar.
LKO-JUR-2023-01,CIVICTRACE_INTERNAL,ZONE-02,2,Zone 2 (Aishbagh / Old City South),WARD-026,26,ऐशबाग वार्ड,Aishbagh Ward,VERIFIED,SRC-GIS-001,SECONDARY_LEGACY,VERIFIED,60,Aishbagh,SRC-GIS-002,2022-10-31,,PRIMARY_ADMINISTRATIVE_RECORD,Stable historical industrial and residential municipal ward.
LKO-JUR-2023-01,CIVICTRACE_INTERNAL,ZONE-06,6,Zone 6 (Chowk / West),WARD-027,27,बालागंज प्रथम वार्ड,Balaganj First Ward,VERIFIED,SRC-GIS-001,SECONDARY_LEGACY,PARTIALLY_VERIFIED,103,Balaganj,SRC-GIS-002,2022-10-31,,PRIMARY_ADMINISTRATIVE_RECORD,Demarcated from legacy Balaganj ward (legacy Ward 103).
LKO-JUR-2023-01,CIVICTRACE_INTERNAL,ZONE-01,1,Zone 1 (Hazratganj / Central),WARD-028,28,राम मोहन राय वार्ड,Ram Mohan Roy Ward,VERIFIED,SRC-GIS-001,SECONDARY_LEGACY,VERIFIED,89,Raja Ram Mohan Rai,SRC-GIS-002,2022-10-31,,PRIMARY_ADMINISTRATIVE_RECORD,Core historical central ward along Shahnajaf and Hazratganj arterial corridors.
LKO-JUR-2023-01,CIVICTRACE_INTERNAL,ZONE-08,8,Zone 8 (Sarojini Nagar / South),WARD-029,29,खरिका द्वितीय वार्ड,Kharika Second Ward,VERIFIED,SRC-GIS-001,SECONDARY_LEGACY,PARTIALLY_VERIFIED,10,Kharika,SRC-GIS-002,2022-10-31,,PRIMARY_ADMINISTRATIVE_RECORD,Bifurcated from legacy Kharika ward (legacy Ward 10); southern Telibagh residential corridor.
LKO-JUR-2023-01,CIVICTRACE_INTERNAL,ZONE-08,8,Zone 8 (Sarojini Nagar / South),WARD-030,30,खरिका प्रथम वार्ड,Kharika First Ward,VERIFIED,SRC-GIS-001,SECONDARY_LEGACY,PARTIALLY_VERIFIED,10,Kharika,SRC-GIS-002,2022-10-31,,PRIMARY_ADMINISTRATIVE_RECORD,Bifurcated from legacy Kharika ward (legacy Ward 10); northern Telibagh / LDA colony sector.
LKO-JUR-2023-01,CIVICTRACE_INTERNAL,ZONE-03,3,Zone 3 (Aliganj / North),WARD-031,31,जानकीपुरम प्रथम वार्ड,Jankipuram First Ward,VERIFIED,SRC-GIS-001,SECONDARY_LEGACY,PARTIALLY_VERIFIED,75,Jankipuram,SRC-GIS-002,2022-10-31,,PRIMARY_ADMINISTRATIVE_RECORD,Core Jankipuram residential sectors along Engineering College corridor.
LKO-JUR-2023-01,CIVICTRACE_INTERNAL,ZONE-06,6,Zone 6 (Chowk / West),WARD-032,32,आलमनगर वार्ड,Alamnagar Ward,VERIFIED,SRC-GIS-001,SECONDARY_LEGACY,VERIFIED,68,Alam Nagar,SRC-GIS-002,2022-10-31,,PRIMARY_ADMINISTRATIVE_RECORD,Stable historical railway and residential ward in western Lucknow.
LKO-JUR-2023-01,CIVICTRACE_INTERNAL,ZONE-01,1,Zone 1 (Hazratganj / Central),WARD-033,33,लालकुआं वार्ड,Lalkuan Ward,VERIFIED,SRC-GIS-001,SECONDARY_LEGACY,VERIFIED,13,Lal Kuan,SRC-GIS-002,2022-10-31,,PRIMARY_ADMINISTRATIVE_RECORD,Stable central municipal ward comprising Chitwapur and Lalkuan.
LKO-JUR-2023-01,CIVICTRACE_INTERNAL,ZONE-01,1,Zone 1 (Hazratganj / Central),WARD-034,34,हजरतगंज रामतीर्थ वार्ड,Hazratganj Ramtirth Ward,VERIFIED,SRC-GIS-001,SECONDARY_LEGACY,VERIFIED,17,Hazarat Ganj,SRC-GIS-002,2022-10-31,,PRIMARY_ADMINISTRATIVE_RECORD,Definitive central commercial and administrative core of Lucknow.
LKO-JUR-2023-01,CIVICTRACE_INTERNAL,ZONE-08,8,Zone 8 (Sarojini Nagar / South),WARD-035,35,हिन्द नगर वार्ड,Hind Nagar Ward,VERIFIED,SRC-GIS-001,SECONDARY_LEGACY,VERIFIED,66,Hind Nagar,SRC-GIS-002,2022-10-31,,PRIMARY_ADMINISTRATIVE_RECORD,Established residential ward along Kanpur Road opposite transport depot.
LKO-JUR-2023-01,CIVICTRACE_INTERNAL,ZONE-05,5,Zone 5 (Alambagh / South-West),WARD-036,36,केसरी खेड़ा वार्ड,Kesri Kheda Ward,VERIFIED,SRC-GIS-001,SECONDARY_LEGACY,VERIFIED,19,Kesri Kheda,SRC-GIS-002,2022-10-31,,PRIMARY_ADMINISTRATIVE_RECORD,Stable residential ward in Alambagh peripheral area.
LKO-JUR-2023-01,CIVICTRACE_INTERNAL,ZONE-04,4,Zone 4 (Gomti Nagar / East),WARD-037,37,गोमती नगर वार्ड,Gomti Nagar Ward,VERIFIED,SRC-GIS-001,SECONDARY_LEGACY,VERIFIED,80,Gomti Nagar,SRC-GIS-002,2022-10-31,,PRIMARY_ADMINISTRATIVE_RECORD,Core planned development ward along Vipin Khand and Sanjay Gandhi Puram.
LKO-JUR-2023-01,CIVICTRACE_INTERNAL,ZONE-06,6,Zone 6 (Chowk / West),WARD-038,38,कन्हैया माधवपुर द्वितीय वार्ड,Kanhaiya Madhopur Second Ward,VERIFIED,SRC-GIS-001,SECONDARY_LEGACY,PARTIALLY_VERIFIED,9,Kanhaiya Madhopur,SRC-GIS-002,2022-10-31,,PRIMARY_ADMINISTRATIVE_RECORD,Bifurcated from legacy Kanhaiya Madhopur ward (legacy Ward 9).
LKO-JUR-2023-01,CIVICTRACE_INTERNAL,ZONE-06,6,Zone 6 (Chowk / West),WARD-039,39,न्यू हैदरगंज द्वितीय वार्ड,New Haiderganj Second Ward,VERIFIED,SRC-GIS-001,SECONDARY_LEGACY,PARTIALLY_VERIFIED,16,Haidar Ganj 2nd,SRC-GIS-002,2022-10-31,,PRIMARY_ADMINISTRATIVE_RECORD,Bifurcated from legacy Haidar Ganj 2nd (legacy Ward 16).
LKO-JUR-2023-01,CIVICTRACE_INTERNAL,ZONE-07,7,Zone 7 (Chinhat / Indira Nagar),WARD-040,40,इन्दिर प्रियदर्शिनी वार्ड,Indira Priyadarshini Ward,VERIFIED,SRC-GIS-001,SECONDARY_LEGACY,VERIFIED,72,Indira Priyadarshini,SRC-GIS-002,2022-10-31,,PRIMARY_ADMINISTRATIVE_RECORD,Stable residential ward in Indira Nagar Sector 11/14 corridor.
LKO-JUR-2023-01,CIVICTRACE_INTERNAL,ZONE-05,5,Zone 5 (Alambagh / South-West),WARD-041,41,रामजी लाल सरदार पटेल नगर वार्ड,Ramji Lal Sardar Patel Nagar Ward,VERIFIED,SRC-GIS-001,SECONDARY_LEGACY,PARTIALLY_VERIFIED,96,Sardar Patel Nagar,SRC-GIS-002,2022-10-31,,PRIMARY_ADMINISTRATIVE_RECORD,Expanded from legacy Sardar Patel Nagar incorporating Ramji Lal Nagar.
LKO-JUR-2023-01,CIVICTRACE_INTERNAL,ZONE-07,7,Zone 7 (Chinhat / Indira Nagar),WARD-042,42,शंकरपुरवा द्वितीय वार्ड,Shankarpurwa Second Ward,VERIFIED,SRC-GIS-001,SECONDARY_LEGACY,VERIFIED,78,Shanker Purwa 2nd,SRC-GIS-002,2022-10-31,,PRIMARY_ADMINISTRATIVE_RECORD,Established residential ward along Ring Road / Kalyanpur corridor.
LKO-JUR-2023-01,CIVICTRACE_INTERNAL,ZONE-07,7,Zone 7 (Chinhat / Indira Nagar),WARD-043,43,इस्माइलगंज द्वितीय वार्ड,Ismailganj Second Ward,VERIFIED,SRC-GIS-001,SECONDARY_LEGACY,PARTIALLY_VERIFIED,41,Ismail Ganj 2nd,SRC-GIS-002,2022-10-31,,PRIMARY_ADMINISTRATIVE_RECORD,Bifurcated from legacy Ismailganj complex along Faizabad Road.
LKO-JUR-2023-01,CIVICTRACE_INTERNAL,ZONE-03,3,Zone 3 (Aliganj / North),WARD-044,44,फैजुल्लागंज द्वितीय वार्ड,Faizullaganj Second Ward,VERIFIED,SRC-GIS-001,SECONDARY_LEGACY,PARTIALLY_VERIFIED,12,Faizullah Ganj 2nd,SRC-GIS-002,2022-10-31,,PRIMARY_ADMINISTRATIVE_RECORD,Established ward in northern Sitapur Road suburban belt.
LKO-JUR-2023-01,CIVICTRACE_INTERNAL,ZONE-05,5,Zone 5 (Alambagh / South-West),WARD-045,45,गुरु गोविंद सिंह वार्ड,Guru Govind Singh Ward,VERIFIED,SRC-GIS-001,SECONDARY_LEGACY,VERIFIED,20,Guru Govind Singh Ward,SRC-GIS-002,2022-10-31,,PRIMARY_ADMINISTRATIVE_RECORD,Stable historical ward in Charbagh / Alambagh corridor.
LKO-JUR-2023-01,CIVICTRACE_INTERNAL,ZONE-02,2,Zone 2 (Aishbagh / Old City South),WARD-046,46,कुंवर ज्योति प्रसाद वार्ड,Kunwar Jyoti Prasad Ward,VERIFIED,SRC-GIS-001,SECONDARY_LEGACY,PARTIALLY_VERIFIED,64,Kunwar Jyoti Prasad 1st,SRC-GIS-002,2022-10-31,,PRIMARY_ADMINISTRATIVE_RECORD,Re-aligned from legacy Kunwar Jyoti Prasad 1st/2nd in Rajajipuram sector.
LKO-JUR-2023-01,CIVICTRACE_INTERNAL,ZONE-03,3,Zone 3 (Aliganj / North),WARD-047,47,डालीगंज निराला नगर वार्ड,Daliganj Nirala Nagar Ward,VERIFIED,SRC-GIS-001,SECONDARY_LEGACY,PARTIALLY_VERIFIED,76,Nirala Nagar,SRC-GIS-002,2022-10-31,,PRIMARY_ADMINISTRATIVE_RECORD,Core northern ward uniting historical Daliganj riverfront and Nirala Nagar.
LKO-JUR-2023-01,CIVICTRACE_INTERNAL,ZONE-03,3,Zone 3 (Aliganj / North),WARD-048,48,फैजुल्लागंज प्रथम वार्ड,Faizullaganj First Ward,VERIFIED,SRC-GIS-001,SECONDARY_LEGACY,PARTIALLY_VERIFIED,12,Faizullah Ganj 2nd,SRC-GIS-002,2022-10-31,,PRIMARY_ADMINISTRATIVE_RECORD,"Covers Indrapuri, Aziz Nagar, and inner Sitapur road settlements."
LKO-JUR-2023-01,CIVICTRACE_INTERNAL,ZONE-03,3,Zone 3 (Aliganj / North),WARD-049,49,महाकवि जय शंकर प्रसाद वार्ड,Mahakavi Jai Shankar Prasad Ward,VERIFIED,SRC-GIS-001,SECONDARY_LEGACY,VERIFIED,90,Jai Shankar Prasad,SRC-GIS-002,2022-10-31,,PRIMARY_ADMINISTRATIVE_RECORD,Stable northern municipal ward around Purania and Sector D Aliganj.
LKO-JUR-2023-01,CIVICTRACE_INTERNAL,ZONE-04,4,Zone 4 (Gomti Nagar / East),WARD-050,50,चिनहट प्रथम वार्ड,Chinhat First Ward,VERIFIED,SRC-GIS-001,SECONDARY_LEGACY,PARTIALLY_VERIFIED,11,Chinhat,SRC-GIS-002,2022-10-31,,PRIMARY_ADMINISTRATIVE_RECORD,Bifurcated from legacy Chinhat ward (legacy Ward 11); western Chinhat core.
LKO-JUR-2023-01,CIVICTRACE_INTERNAL,ZONE-07,7,Zone 7 (Chinhat / Indira Nagar),WARD-051,51,इस्माइलगंज प्रथम वार्ड,Ismailganj First Ward,VERIFIED,SRC-GIS-001,SECONDARY_LEGACY,PARTIALLY_VERIFIED,37,Ismail Ganj 1st,SRC-GIS-002,2022-10-31,,PRIMARY_ADMINISTRATIVE_RECORD,Bifurcated from legacy Ismailganj complex; covers Patel Nagar / Harihar Nagar.
LKO-JUR-2023-01,CIVICTRACE_INTERNAL,ZONE-06,6,Zone 6 (Chowk / West),WARD-052,52,कन्हैया माधवपुर प्रथम वार्ड,Kanhaiya Madhopur First Ward,VERIFIED,SRC-GIS-001,SECONDARY_LEGACY,PARTIALLY_VERIFIED,9,Kanhaiya Madhopur,SRC-GIS-002,2022-10-31,,PRIMARY_ADMINISTRATIVE_RECORD,Bifurcated from legacy Kanhaiya Madhopur ward (legacy Ward 9); eastern sector.
LKO-JUR-2023-01,CIVICTRACE_INTERNAL,ZONE-03,3,Zone 3 (Aliganj / North),WARD-053,53,महानगर वार्ड,Mahanagar Ward,VERIFIED,SRC-GIS-001,SECONDARY_LEGACY,VERIFIED,44,Mahanagar,SRC-GIS-002,2022-10-31,,PRIMARY_ADMINISTRATIVE_RECORD,Established residential planned layout in north-central Lucknow.
LKO-JUR-2023-01,CIVICTRACE_INTERNAL,ZONE-05,5,Zone 5 (Alambagh / South-West),WARD-054,54,गीता पल्ली वार्ड,Geeta Palli Ward,VERIFIED,SRC-GIS-001,SECONDARY_LEGACY,VERIFIED,59,Geeta Palli,SRC-GIS-002,2022-10-31,,PRIMARY_ADMINISTRATIVE_RECORD,Stable historical ward along VIP road / Alambagh corridor.
LKO-JUR-2023-01,CIVICTRACE_INTERNAL,ZONE-01,1,Zone 1 (Hazratganj / Central),WARD-055,55,रानी लक्ष्मी बाई वार्ड,Rani Laxmi Bai Ward,VERIFIED,SRC-GIS-001,SECONDARY_LEGACY,VERIFIED,99,Rani Laxmi Bai,SRC-GIS-002,2022-10-31,,PRIMARY_ADMINISTRATIVE_RECORD,Historical central ward in Lalbagh / Naka Hindola area.
LKO-JUR-2023-01,CIVICTRACE_INTERNAL,ZONE-08,8,Zone 8 (Sarojini Nagar / South),WARD-056,56,विद्यावती द्वितीय वार्ड,Vidyavati Second Ward,VERIFIED,SRC-GIS-001,SECONDARY_LEGACY,PARTIALLY_VERIFIED,73,Vidyavati 2nd,SRC-GIS-002,2022-10-31,,PRIMARY_ADMINISTRATIVE_RECORD,Bifurcated from legacy Vidyavati complex (legacy Ward 73) in LDA colony.
LKO-JUR-2023-01,CIVICTRACE_INTERNAL,ZONE-01,1,Zone 1 (Hazratganj / Central),WARD-057,57,बाबू बनारसी दास वार्ड,Babu Banarsi Das Ward,VERIFIED,SRC-GIS-001,SECONDARY_LEGACY,VERIFIED,94,Babu Banarsi Das,SRC-GIS-002,2022-10-31,,PRIMARY_ADMINISTRATIVE_RECORD,"Central ward comprising Qila, Husainganj, and old cantonment interface."
LKO-JUR-2023-01,CIVICTRACE_INTERNAL,ZONE-02,2,Zone 2 (Aishbagh / Old City South),WARD-058,58,मोती लाल नेहरू चंद्र भानु गुप्त वार्ड,Moti Lal Nehru Chandra Bhanu Gupt Ward,VERIFIED,SRC-GIS-001,SECONDARY_LEGACY,PARTIALLY_VERIFIED,45,Moti Lal Nehru,SRC-GIS-002,2022-10-31,,PRIMARY_ADMINISTRATIVE_RECORD,Unified ward joining historical Moti Lal Nehru and CB Gupta municipal sectors.
LKO-JUR-2023-01,CIVICTRACE_INTERNAL,ZONE-04,4,Zone 4 (Gomti Nagar / East),WARD-059,59,काल्विन कालेज निशातगंज वार्ड,Colvin College Nishatganj Ward,VERIFIED,SRC-GIS-001,SECONDARY_LEGACY,PARTIALLY_VERIFIED,22,Nishat Ganj,SRC-GIS-002,2022-10-31,,PRIMARY_ADMINISTRATIVE_RECORD,Historic riverfront ward around Colvin Taluqdars College and Nishatganj.
LKO-JUR-2023-01,CIVICTRACE_INTERNAL,ZONE-08,8,Zone 8 (Sarojini Nagar / South),WARD-060,60,विद्यावती तृतीय वार्ड,Vidyavati Third Ward,VERIFIED,SRC-GIS-001,SECONDARY_LEGACY,PARTIALLY_VERIFIED,73,Vidyavati 2nd,SRC-GIS-002,2022-10-31,,PRIMARY_ADMINISTRATIVE_RECORD,Bifurcated from legacy Vidyavati complex; covers Sector I/K Kanpur Road scheme.
LKO-JUR-2023-01,CIVICTRACE_INTERNAL,ZONE-02,2,Zone 2 (Aishbagh / Old City South),WARD-061,61,तिलक नगर कुंदरी रकाबगंज वार्ड,Tilak Nagar Kundari Rakabganj Ward,VERIFIED,SRC-GIS-001,SECONDARY_LEGACY,PARTIALLY_VERIFIED,3,Tilak Nagar,SRC-GIS-002,2022-10-31,,PRIMARY_ADMINISTRATIVE_RECORD,Unified ward uniting Tilak Nagar and Kundari Rakabganj.
LKO-JUR-2023-01,CIVICTRACE_INTERNAL,ZONE-04,4,Zone 4 (Gomti Nagar / East),WARD-062,62,रफी अहमद किदवई वार्ड,Rafi Ahmed Kidwai Ward,VERIFIED,SRC-GIS-001,SECONDARY_LEGACY,VERIFIED,85,Rafi Ahmad Kidwai,SRC-GIS-002,2022-10-31,,PRIMARY_ADMINISTRATIVE_RECORD,Established ward in Vikas Khand / Gomti Nagar sector.
LKO-JUR-2023-01,CIVICTRACE_INTERNAL,ZONE-03,3,Zone 3 (Aliganj / North),WARD-063,63,अयोध्यादास द्वितीय वार्ड,Ayodhyadas Second Ward,VERIFIED,SRC-GIS-001,SECONDARY_LEGACY,VERIFIED,29,Ayodhya Das 2nd,SRC-GIS-002,2022-10-31,,PRIMARY_ADMINISTRATIVE_RECORD,Established northern ward along Khadra and Sitapur road.
LKO-JUR-2023-01,CIVICTRACE_INTERNAL,ZONE-08,8,Zone 8 (Sarojini Nagar / South),WARD-064,64,विद्यावती प्रथम वार्ड,Vidyavati First Ward,VERIFIED,SRC-GIS-001,SECONDARY_LEGACY,PARTIALLY_VERIFIED,88,Vidyavati 1st,SRC-GIS-002,2022-10-31,,PRIMARY_ADMINISTRATIVE_RECORD,Core LDA colony sector around Sector E/G.
LKO-JUR-2023-01,CIVICTRACE_INTERNAL,ZONE-05,5,Zone 5 (Alambagh / South-West),WARD-065,65,चित्रगुप्त नगर वार्ड,Chitragupta Nagar Ward,VERIFIED,SRC-GIS-001,SECONDARY_LEGACY,VERIFIED,93,Chitragupta Nagar,SRC-GIS-002,2022-10-31,,PRIMARY_ADMINISTRATIVE_RECORD,Stable residential municipal ward in Alambagh.
LKO-JUR-2023-01,CIVICTRACE_INTERNAL,ZONE-04,4,Zone 4 (Gomti Nagar / East),WARD-066,66,चिनहट द्वितीय वार्ड,Chinhat Second Ward,VERIFIED,SRC-GIS-001,SECONDARY_LEGACY,PARTIALLY_VERIFIED,11,Chinhat,SRC-GIS-002,2022-10-31,,PRIMARY_ADMINISTRATIVE_RECORD,Bifurcated from legacy Chinhat ward; covers eastern extension / Uttardhona.
LKO-JUR-2023-01,CIVICTRACE_INTERNAL,ZONE-03,3,Zone 3 (Aliganj / North),WARD-067,67,लाला लाजपत राय वार्ड,Lala Lajpat Rai Ward,VERIFIED,SRC-GIS-001,SECONDARY_LEGACY,VERIFIED,71,Lala Lajpat Rai,SRC-GIS-002,2022-10-31,,PRIMARY_ADMINISTRATIVE_RECORD,Stable planned residential ward in Aliganj Sector M/N.
LKO-JUR-2023-01,CIVICTRACE_INTERNAL,ZONE-07,7,Zone 7 (Chinhat / Indira Nagar),WARD-068,68,बाबू जगजीवन राम वार्ड,Babu Jagjivan Ram Ward,VERIFIED,SRC-GIS-001,SECONDARY_LEGACY,VERIFIED,74,Babu Jagjiwan Ram,SRC-GIS-002,2022-10-31,,PRIMARY_ADMINISTRATIVE_RECORD,Planned housing board ward in Indira Nagar Sector 16/17.
LKO-JUR-2023-01,CIVICTRACE_INTERNAL,ZONE-01,1,Zone 1 (Hazratganj / Central),WARD-069,69,जे.सी. बोस वार्ड,J.C. Bose Ward,VERIFIED,SRC-GIS-001,SECONDARY_LEGACY,VERIFIED,98,Acharya Jagdish Chandra Bose,SRC-GIS-002,2022-10-31,,PRIMARY_ADMINISTRATIVE_RECORD,Historical central ward around Ghasiyari Mandi and Kalibari.
LKO-JUR-2023-01,CIVICTRACE_INTERNAL,ZONE-04,4,Zone 4 (Gomti Nagar / East),WARD-070,70,पेपर मिल कालोनी वार्ड,Paper Mill Colony Ward,VERIFIED,SRC-GIS-001,SECONDARY_LEGACY,VERIFIED,48,Paper Mill Colony,SRC-GIS-002,2022-10-31,,PRIMARY_ADMINISTRATIVE_RECORD,Historic municipal colony ward along Nishatganj riverbend.
LKO-JUR-2023-01,CIVICTRACE_INTERNAL,ZONE-03,3,Zone 3 (Aliganj / North),WARD-071,71,मनकामेश्वर मंदिर वार्ड,Mankameshwar Mandir Ward,VERIFIED,SRC-GIS-001,SECONDARY_LEGACY,VERIFIED,30,Mankameshwar Mandir,SRC-GIS-002,2022-10-31,,PRIMARY_ADMINISTRATIVE_RECORD,Historical religious and cultural ward along northern Gomti bank.
LKO-JUR-2023-01,CIVICTRACE_INTERNAL,ZONE-07,7,Zone 7 (Chinhat / Indira Nagar),WARD-072,72,शंकरपुरवा तृतीय वार्ड,Shankarpurwa Third Ward,VERIFIED,SRC-GIS-001,SECONDARY_LEGACY,PARTIALLY_VERIFIED,78,Shanker Purwa 2nd,SRC-GIS-002,2022-10-31,,PRIMARY_ADMINISTRATIVE_RECORD,Covers Sector 7/8/12 Indira Nagar and outer Kalyanpur.
LKO-JUR-2023-01,CIVICTRACE_INTERNAL,ZONE-03,3,Zone 3 (Aliganj / North),WARD-073,73,फैजुल्लागंज तृतीय वार्ड,Faizullaganj Third Ward,VERIFIED,SRC-GIS-001,SECONDARY_LEGACY,PARTIALLY_VERIFIED,12,Faizullah Ganj 2nd,SRC-GIS-002,2022-10-31,,PRIMARY_ADMINISTRATIVE_RECORD,"Covers Bharat Nagar, Agrasen Nagar, and Preeti Nagar."
LKO-JUR-2023-01,CIVICTRACE_INTERNAL,ZONE-03,3,Zone 3 (Aliganj / North),WARD-074,74,जानकीपुरम द्वितीय वार्ड,Jankipuram Second Ward,VERIFIED,SRC-GIS-001,SECONDARY_LEGACY,PARTIALLY_VERIFIED,75,Jankipuram,SRC-GIS-002,2022-10-31,,PRIMARY_ADMINISTRATIVE_RECORD,"Covers Sector G/H, Sahara State, and Jankipuram Garden."
LKO-JUR-2023-01,CIVICTRACE_INTERNAL,ZONE-03,3,Zone 3 (Aliganj / North),WARD-075,75,भारतेन्दु हरिश्चंद्र वार्ड,Bhartendu Harishchandra Ward,VERIFIED,SRC-GIS-001,SECONDARY_LEGACY,VERIFIED,70,Bhartendu Harishchandra,SRC-GIS-002,2022-10-31,,PRIMARY_ADMINISTRATIVE_RECORD,Stable planned municipal ward in Aliganj Sector A/E.
LKO-JUR-2023-01,CIVICTRACE_INTERNAL,ZONE-04,4,Zone 4 (Gomti Nagar / East),WARD-076,76,राजीव गांधी प्रथम वार्ड,Rajiv Gandhi First Ward,VERIFIED,SRC-GIS-001,SECONDARY_LEGACY,VERIFIED,84,Rajeev Gandhi 1st,SRC-GIS-002,2022-10-31,,PRIMARY_ADMINISTRATIVE_RECORD,Planned development ward in Gomti Nagar Vinay Khand / Virat Khand.
LKO-JUR-2023-01,CIVICTRACE_INTERNAL,ZONE-07,7,Zone 7 (Chinhat / Indira Nagar),WARD-077,77,मैथिलीशरण गुप्त वार्ड,Maithilisharan Gupt Ward,VERIFIED,SRC-GIS-001,SECONDARY_LEGACY,VERIFIED,69,Maithili Sharan Gupt,SRC-GIS-002,2022-10-31,,PRIMARY_ADMINISTRATIVE_RECORD,Stable housing sector in Indira Nagar Sector B/C.
LKO-JUR-2023-01,CIVICTRACE_INTERNAL,ZONE-02,2,Zone 2 (Aishbagh / Old City South),WARD-078,78,लेबर कालोनी वार्ड,Labour Colony Ward,VERIFIED,SRC-GIS-001,SECONDARY_LEGACY,VERIFIED,40,Labour Colony,SRC-GIS-002,2022-10-31,,PRIMARY_ADMINISTRATIVE_RECORD,Historic workers colony ward in Talkatora industrial area.
LKO-JUR-2023-01,CIVICTRACE_INTERNAL,ZONE-02,2,Zone 2 (Aishbagh / Old City South),WARD-079,79,राजाजीपुरम वार्ड,Rajajipuram Ward,VERIFIED,SRC-GIS-001,SECONDARY_LEGACY,VERIFIED,38,Rajaji Puram,SRC-GIS-002,2022-10-31,,PRIMARY_ADMINISTRATIVE_RECORD,Flagship planned residential scheme in western Lucknow.
LKO-JUR-2023-01,CIVICTRACE_INTERNAL,ZONE-07,7,Zone 7 (Chinhat / Indira Nagar),WARD-080,80,इन्दिर नगर वार्ड,Indira Nagar Ward,VERIFIED,SRC-GIS-001,SECONDARY_LEGACY,VERIFIED,77,Indira Nagar,SRC-GIS-002,2022-10-31,,PRIMARY_ADMINISTRATIVE_RECORD,Central commercial and residential core of Indira Nagar housing board.
LKO-JUR-2023-01,CIVICTRACE_INTERNAL,ZONE-06,6,Zone 6 (Chowk / West),WARD-081,81,मल्लाही टोला द्वितीय वार्ड,Mallahi Tola Second Ward,VERIFIED,SRC-GIS-001,SECONDARY_LEGACY,VERIFIED,92,Mallahi Tola 2nd,SRC-GIS-002,2022-10-31,,PRIMARY_ADMINISTRATIVE_RECORD,Historical Gomti riverfront ward in Old City.
LKO-JUR-2023-01,CIVICTRACE_INTERNAL,ZONE-03,3,Zone 3 (Aliganj / North),WARD-082,82,त्रिवेणी नगर वार्ड,Triveni Nagar Ward,VERIFIED,SRC-GIS-001,SECONDARY_LEGACY,VERIFIED,67,Triveni Nagar,SRC-GIS-002,2022-10-31,,PRIMARY_ADMINISTRATIVE_RECORD,Established residential colony in Sitapur road corridor.
LKO-JUR-2023-01,CIVICTRACE_INTERNAL,ZONE-06,6,Zone 6 (Chowk / West),WARD-083,83,न्यू हैदरगंज प्रथम वार्ड,New Haiderganj First Ward,VERIFIED,SRC-GIS-001,SECONDARY_LEGACY,PARTIALLY_VERIFIED,25,Haidar Ganj 1st,SRC-GIS-002,2022-10-31,,PRIMARY_ADMINISTRATIVE_RECORD,Bifurcated from legacy Haidar Ganj 1st (legacy Ward 25).
LKO-JUR-2023-01,CIVICTRACE_INTERNAL,ZONE-03,3,Zone 3 (Aliganj / North),WARD-084,84,कदम रसूल वार्ड,Kadam Rasool Ward,VERIFIED,SRC-GIS-001,SECONDARY_LEGACY,VERIFIED,31,Kadam Rasool,SRC-GIS-002,2022-10-31,,PRIMARY_ADMINISTRATIVE_RECORD,Historic heritage ward on northern bank of Gomti around Shia College.
LKO-JUR-2023-01,CIVICTRACE_INTERNAL,ZONE-06,6,Zone 6 (Chowk / West),WARD-085,85,मल्लाही टोला प्रथम वार्ड,Mallahi Tola First Ward,VERIFIED,SRC-GIS-001,SECONDARY_LEGACY,VERIFIED,82,Mallahi Tola 1st,SRC-GIS-002,2022-10-31,,PRIMARY_ADMINISTRATIVE_RECORD,Gomti riverfront heritage settlement near Generalganj.
LKO-JUR-2023-01,CIVICTRACE_INTERNAL,ZONE-07,7,Zone 7 (Chinhat / Indira Nagar),WARD-086,86,लोहिया नगर वार्ड,Lohia Nagar Ward,VERIFIED,SRC-GIS-001,SECONDARY_LEGACY,VERIFIED,79,Lohia Nagar,SRC-GIS-002,2022-10-31,,PRIMARY_ADMINISTRATIVE_RECORD,Planned municipal ward in Indira Nagar Sector 1/2/3.
LKO-JUR-2023-01,CIVICTRACE_INTERNAL,ZONE-01,1,Zone 1 (Hazratganj / Central),WARD-087,87,गोलागंज वार्ड,Golaganj Ward,VERIFIED,SRC-GIS-001,SECONDARY_LEGACY,VERIFIED,102,Gola Ganj,SRC-GIS-002,2022-10-31,,PRIMARY_ADMINISTRATIVE_RECORD,Historic core municipal ward around Christian College and Kaiserbagh.
LKO-JUR-2023-01,CIVICTRACE_INTERNAL,ZONE-01,1,Zone 1 (Hazratganj / Central),WARD-088,88,बशीरगंज गणेशगंज वार्ड,Bashirganj Ganeshganj Ward,VERIFIED,SRC-GIS-001,SECONDARY_LEGACY,PARTIALLY_VERIFIED,100,Ganesh Ganj,SRC-GIS-002,2022-10-31,,PRIMARY_ADMINISTRATIVE_RECORD,Unified historic commercial ward uniting Bashirganj and Ganeshganj.
LKO-JUR-2023-01,CIVICTRACE_INTERNAL,ZONE-06,6,Zone 6 (Chowk / West),WARD-089,89,शीतला देवी वार्ड,Sheetla Devi Ward,VERIFIED,SRC-GIS-001,SECONDARY_LEGACY,VERIFIED,81,Sheetla Devi,SRC-GIS-002,2022-10-31,,PRIMARY_ADMINISTRATIVE_RECORD,Historic Old City ward around Naubasta temple complex.
LKO-JUR-2023-01,CIVICTRACE_INTERNAL,ZONE-02,2,Zone 2 (Aishbagh / Old City South),WARD-090,90,राजेन्द्र नगर वार्ड,Rajendra Nagar Ward,VERIFIED,SRC-GIS-001,SECONDARY_LEGACY,VERIFIED,57,Rajendra Nagar,SRC-GIS-002,2022-10-31,,PRIMARY_ADMINISTRATIVE_RECORD,Historic planned layout adjacent to Motinagar and Aishbagh.
LKO-JUR-2023-01,CIVICTRACE_INTERNAL,ZONE-03,3,Zone 3 (Aliganj / North),WARD-091,91,विवेकानन्दपुरी वार्ड,Vivekanandapuri Ward,VERIFIED,SRC-GIS-001,SECONDARY_LEGACY,VERIFIED,49,Vivekanand Puri,SRC-GIS-002,2022-10-31,,PRIMARY_ADMINISTRATIVE_RECORD,Established residential enclave adjacent to IT College and Mahanagar.
LKO-JUR-2023-01,CIVICTRACE_INTERNAL,ZONE-07,7,Zone 7 (Chinhat / Indira Nagar),WARD-092,92,शंकरपुरवा प्रथम वार्ड,Shankarpurwa First Ward,VERIFIED,SRC-GIS-001,SECONDARY_LEGACY,VERIFIED,50,Shanker Purwa 1st,SRC-GIS-002,2022-10-31,,PRIMARY_ADMINISTRATIVE_RECORD,Established residential sector in northern Indira Nagar / Ring Road.
LKO-JUR-2023-01,CIVICTRACE_INTERNAL,ZONE-06,6,Zone 6 (Chowk / West),WARD-093,93,हुसैनाबाद वार्ड,Husainabad Ward,VERIFIED,SRC-GIS-001,SECONDARY_LEGACY,VERIFIED,52,Husainabad,SRC-GIS-002,2022-10-31,,PRIMARY_ADMINISTRATIVE_RECORD,Definitive historic core containing Bara and Chhota Imambaras.
LKO-JUR-2023-01,CIVICTRACE_INTERNAL,ZONE-06,6,Zone 6 (Chowk / West),WARD-094,94,दौलतगंज वार्ड,Daulatganj Ward,VERIFIED,SRC-GIS-001,SECONDARY_LEGACY,VERIFIED,51,Daulat Ganj,SRC-GIS-002,2022-10-31,,PRIMARY_ADMINISTRATIVE_RECORD,Historic municipal ward along Hardoi road / Gaughat.
LKO-JUR-2023-01,CIVICTRACE_INTERNAL,ZONE-01,1,Zone 1 (Hazratganj / Central),WARD-095,95,मौलवीगंज वार्ड,Maulviganj Ward,VERIFIED,SRC-GIS-001,SECONDARY_LEGACY,VERIFIED,105,Maulvi Ganj,SRC-GIS-002,2022-10-31,,PRIMARY_ADMINISTRATIVE_RECORD,Historical commercial and publishing quarter of old Lucknow.
LKO-JUR-2023-01,CIVICTRACE_INTERNAL,ZONE-07,7,Zone 7 (Chinhat / Indira Nagar),WARD-096,96,लाल बहादुर शास्त्री द्वितीय वार्ड,Lal Bahadur Shastri Second Ward,VERIFIED,SRC-GIS-001,SECONDARY_LEGACY,VERIFIED,43,Lal Bahadur Shastri 2nd,SRC-GIS-002,2022-10-31,,PRIMARY_ADMINISTRATIVE_RECORD,Planned housing board ward in Indira Nagar Sector 18/20.
LKO-JUR-2023-01,CIVICTRACE_INTERNAL,ZONE-06,6,Zone 6 (Chowk / West),WARD-097,97,गढी पीर खां वार्ड,Gadhi Peer Khan Ward,VERIFIED,SRC-GIS-001,SECONDARY_LEGACY,VERIFIED,42,Garhi Peer Khan,SRC-GIS-002,2022-10-31,,PRIMARY_ADMINISTRATIVE_RECORD,Historic settlement ward in Chowk vicinity.
LKO-JUR-2023-01,CIVICTRACE_INTERNAL,ZONE-01,1,Zone 1 (Hazratganj / Central),WARD-098,98,यदुनाथ सान्याल नजरबाग वार्ड,Yadunath Sanyal Nazarbagh Ward,VERIFIED,SRC-GIS-001,SECONDARY_LEGACY,PARTIALLY_VERIFIED,95,Yadunath Sanyal,SRC-GIS-002,2022-10-31,,PRIMARY_ADMINISTRATIVE_RECORD,Historic residential ward uniting Nazarbagh and Phoolbagh.
LKO-JUR-2023-01,CIVICTRACE_INTERNAL,ZONE-06,6,Zone 6 (Chowk / West),WARD-099,99,आचार्य नरेन्द्र देव वार्ड,Acharya Narendra Dev Ward,VERIFIED,SRC-GIS-001,SECONDARY_LEGACY,VERIFIED,97,Acharya Narendra Dev,SRC-GIS-002,2022-10-31,,PRIMARY_ADMINISTRATIVE_RECORD,Historic Old City ward around Chaupatiyan.
LKO-JUR-2023-01,CIVICTRACE_INTERNAL,ZONE-04,4,Zone 4 (Gomti Nagar / East),WARD-100,100,राजीव गांधी द्वितीय वार्ड,Rajiv Gandhi Second Ward,VERIFIED,SRC-GIS-001,SECONDARY_LEGACY,VERIFIED,86,Rajeev Gandhi 2nd,SRC-GIS-002,2022-10-31,,PRIMARY_ADMINISTRATIVE_RECORD,Planned development ward in Gomti Nagar Viram Khand / Vishwas Khand.
LKO-JUR-2023-01,CIVICTRACE_INTERNAL,ZONE-06,6,Zone 6 (Chowk / West),WARD-101,101,अम्बरगंज वार्ड,Ambarganj Ward,VERIFIED,SRC-GIS-001,SECONDARY_LEGACY,VERIFIED,47,Ambar Ganj,SRC-GIS-002,2022-10-31,,PRIMARY_ADMINISTRATIVE_RECORD,Historic Old City ward along Campbell Road.
LKO-JUR-2023-01,CIVICTRACE_INTERNAL,ZONE-06,6,Zone 6 (Chowk / West),WARD-102,102,मौलाना कल्बे आबिद वार्ड,Maulana Kalbe Abid Ward,VERIFIED,SRC-GIS-001,SECONDARY_LEGACY,VERIFIED,108,Maulana Kalbe Abid,SRC-GIS-002,2022-10-31,,PRIMARY_ADMINISTRATIVE_RECORD,Historic cultural ward around Victoria Street and Mufeed-e-Aam.
LKO-JUR-2023-01,CIVICTRACE_INTERNAL,ZONE-01,1,Zone 1 (Hazratganj / Central),WARD-103,103,मशकगंज वजीरगंज वार्ड,Mashakganj Wazirganj Ward,VERIFIED,SRC-GIS-001,SECONDARY_LEGACY,PARTIALLY_VERIFIED,101,Wazir Ganj,SRC-GIS-002,2022-10-31,,PRIMARY_ADMINISTRATIVE_RECORD,Unified central commercial and residential ward along Wazirganj.
LKO-JUR-2023-01,CIVICTRACE_INTERNAL,ZONE-02,2,Zone 2 (Aishbagh / Old City South),WARD-104,104,यहियागंज नेताजी सुभाष चन्द्र बोस वार्ड,Yahiyaganj Netaji Subhash Chandra Bose Ward,VERIFIED,SRC-GIS-001,SECONDARY_LEGACY,PARTIALLY_VERIFIED,104,Subhash Chandra Bose,SRC-GIS-002,2022-10-31,,PRIMARY_ADMINISTRATIVE_RECORD,Historical trading market quarter of old Lucknow.
LKO-JUR-2023-01,CIVICTRACE_INTERNAL,ZONE-06,6,Zone 6 (Chowk / West),WARD-105,105,कश्मीरी मोहल्ला वार्ड,Kashmiri Mohalla Ward,VERIFIED,SRC-GIS-001,SECONDARY_LEGACY,VERIFIED,61,Kashmiri Mohalla,SRC-GIS-002,2022-10-31,,PRIMARY_ADMINISTRATIVE_RECORD,Historic cultural enclave in Chowk / Old City West.
LKO-JUR-2023-01,CIVICTRACE_INTERNAL,ZONE-06,6,Zone 6 (Chowk / West),WARD-106,106,चौक बाजार काली जी वार्ड,Chowk Bazar Kali Ji Ward,VERIFIED,SRC-GIS-001,SECONDARY_LEGACY,PARTIALLY_VERIFIED,106,Chowk,SRC-GIS-002,2022-10-31,,PRIMARY_ADMINISTRATIVE_RECORD,Definitive ancient bazaar and heritage quarter of Lucknow.
LKO-JUR-2023-01,CIVICTRACE_INTERNAL,ZONE-02,2,Zone 2 (Aishbagh / Old City South),WARD-107,107,राजा बाजार वार्ड,Raja Bazar Ward,VERIFIED,SRC-GIS-001,SECONDARY_LEGACY,VERIFIED,62,Raja Bazar,SRC-GIS-002,2022-10-31,,PRIMARY_ADMINISTRATIVE_RECORD,Historical market ward adjacent to Medical College / Victoria Street.
LKO-JUR-2023-01,CIVICTRACE_INTERNAL,ZONE-06,6,Zone 6 (Chowk / West),WARD-108,108,भवानीगंज वार्ड,Bhawaniganj Ward,VERIFIED,SRC-GIS-001,SECONDARY_LEGACY,VERIFIED,63,Bhawani Ganj,SRC-GIS-002,2022-10-31,,PRIMARY_ADMINISTRATIVE_RECORD,Historic settlement ward near Old Tikaitganj.
LKO-JUR-2023-01,CIVICTRACE_INTERNAL,ZONE-03,3,Zone 3 (Aliganj / North),WARD-109,109,अलीगंज वार्ड,Aliganj Ward,VERIFIED,SRC-GIS-001,SECONDARY_LEGACY,VERIFIED,34,Aliganj,SRC-GIS-002,2022-10-31,,PRIMARY_ADMINISTRATIVE_RECORD,Definitive core of historic and planned Aliganj around Hanuman Temple.
LKO-JUR-2023-01,CIVICTRACE_INTERNAL,ZONE-03,3,Zone 3 (Aliganj / North),WARD-110,110,अयोध्यादास प्रथम वार्ड,Ayodhyadas First Ward,VERIFIED,SRC-GIS-001,SECONDARY_LEGACY,VERIFIED,28,Ayodhya Das 1st,SRC-GIS-002,2022-10-31,,PRIMARY_ADMINISTRATIVE_RECORD,Historic northern settlement on Gomti bank near Deen Dayal Nagar Khadra.
